qid,hop_type,n_perm,mean_f1,sd_f1,min_f1,max_f1,range_f1
5a70f11a5542994082a3e40b,comparison,5,0.2000,0.4472,0.0000,1.0000,1.0000
5a72d3525542991f9a20c5ab,bridge,5,1.0000,0.0000,1.0000,1.0000,0.0000
5a72df275542992359bc31b3,bridge,5,0.1527,0.2095,0.0000,0.4000,0.4000
5a7337715542991f9a20c690,bridge,5,0.6000,0.5477,0.0000,1.0000,1.0000
5a73984355429908901be307,bridge,5,1.0000,0.0000,1.0000,1.0000,0.0000
5a74167455429929fddd83dc,bridge,5,0.2000,0.4472,0.0000,1.0000,1.0000
5a74994a55429974ef308c2e,bridge,5,1.0000,0.0000,1.0000,1.0000,0.0000
5a75462d5542996c70cfaed3,bridge,5,0.0000,0.0000,0.0000,0.0000,0.0000
5a75495a5542996c70cfaed8,bridge,5,0.8000,0.0000,0.8000,0.8000,0.0000
5a7636fb55429976ec32bd79,bridge,5,0.5333,0.5055,0.0000,1.0000,1.0000
5a777ca855429949eeb29e6a,comparison,5,0.5410,0.3132,0.0000,0.8000,0.8000
5a78ce79554299029c4b5ea1,bridge,5,0.1812,0.1322,0.0000,0.3333,0.3333
5a78d38455429970f5fffd94,bridge,5,0.0000,0.0000,0.0000,0.0000,0.0000
5a7a05485542990198eaf04c,bridge,5,0.5833,0.1863,0.2500,0.6667,0.4167
5a7b24fe55429931da12c9f7,comparison,5,0.6000,0.5477,0.0000,1.0000,1.0000
5a7c6e435542996dd594b933,bridge,5,0.1000,0.2236,0.0000,0.5000,0.5000
5a7c703055429935c91b51aa,bridge,5,0.8571,0.0000,0.8571,0.8571,0.0000
5a7c99d555429935c91b5254,comparison,5,0.0000,0.0000,0.0000,0.0000,0.0000
5a7dbc175542995ed0d1666b,bridge,5,0.6400,0.3578,0.0000,0.8000,0.8000
5a7dedef5542995f4f40231a,bridge,5,0.1600,0.2191,0.0000,0.4000,0.4000
5a7f677455429969796c1a37,comparison,5,0.6000,0.5477,0.0000,1.0000,1.0000
5a80c74f554299260e20a158,bridge,5,0.2327,0.1698,0.0000,0.4000,0.4000
5a81418455429903bc27b95f,bridge,5,0.4000,0.2236,0.0000,0.5000,0.5000
5a82028a554299676cceb1d6,bridge,5,0.0235,0.0526,0.0000,0.1176,0.1176
5a82e25555429954d2e2ebbf,bridge,5,0.0000,0.0000,0.0000,0.0000,0.0000
5a8341c255429954d2e2ec6e,bridge,5,0.5333,0.2981,0.0000,0.6667,0.6667
5a83d7535542993344746093,bridge,5,0.0000,0.0000,0.0000,0.0000,0.0000
5a84800f554299123d8c2276,bridge,5,0.0000,0.0000,0.0000,0.0000,0.0000
5a84973e5542992a431d1a67,bridge,5,1.0000,0.0000,1.0000,1.0000,0.0000
5a84c4135542994c784dda31,comparison,5,1.0000,0.0000,1.0000,1.0000,0.0000
5a85c41a5542994c784ddb7a,bridge,5,0.6000,0.5477,0.0000,1.0000,1.0000
5a86ed6155429960ec39b6d9,bridge,5,0.2000,0.4472,0.0000,1.0000,1.0000
5a872c3f5542994775f607a8,comparison,5,1.0000,0.0000,1.0000,1.0000,0.0000
5a87ef2f55429938390d3eb9,comparison,5,0.6000,0.5477,0.0000,1.0000,1.0000
5a89007355429938390d4026,bridge,5,0.2000,0.4472,0.0000,1.0000,1.0000
5a8a40015542996c9b8d5e72,bridge,5,0.4000,0.5477,0.0000,1.0000,1.0000
5a8c2d23554299240d9c20b7,bridge,5,1.0000,0.0000,1.0000,1.0000,0.0000
5a8e4b7c5542990e94052ab7,bridge,5,0.6000,0.5477,0.0000,1.0000,1.0000
5a8edb5c55429917b4a5bde9,bridge,5,0.6667,0.0000,0.6667,0.6667,0.0000
5a8f5273554299458435d5b1,bridge,5,1.0000,0.0000,1.0000,1.0000,0.0000
5a9052765542995651fb513d,comparison,5,0.8000,0.0000,0.8000,0.8000,0.0000
5a90843c5542995651fb517e,bridge,5,1.0000,0.0000,1.0000,1.0000,0.0000
5ab33ef955429969a97a810e,bridge,5,1.0000,0.0000,1.0000,1.0000,0.0000
5ab3af70554299233954ff81,bridge,5,1.0000,0.0000,1.0000,1.0000,0.0000
5ab414295542996a3a969f1d,bridge,5,0.0000,0.0000,0.0000,0.0000,0.0000
5ab4313a554299233955004c,bridge,5,0.0000,0.0000,0.0000,0.0000,0.0000
5ab44ab25542991779162c58,comparison,5,0.1238,0.1704,0.0000,0.3333,0.3333
5ab527205542996a3a96a03d,bridge,5,0.8000,0.4472,0.0000,1.0000,1.0000
5ab5d4eb5542992aa134a3aa,bridge,5,0.3000,0.2739,0.0000,0.5000,0.5000
5ab67c0055429954757d32f6,bridge,5,1.0000,0.0000,1.0000,1.0000,0.0000
5ab69c25554299110f219a39,bridge,5,1.0000,0.0000,1.0000,1.0000,0.0000
5ab972485542996be20204f6,bridge,5,0.0000,0.0000,0.0000,0.0000,0.0000
5ab9812d554299753720f821,comparison,5,1.0000,0.0000,1.0000,1.0000,0.0000
5ab98608554299131ca42362,bridge,5,0.8000,0.4472,0.0000,1.0000,1.0000
5abaf0ec5542996cc5e49f22,bridge,5,0.6667,0.0000,0.6667,0.6667,0.0000
5abb14a55542992ccd8e7f06,bridge,5,0.2400,0.2191,0.0000,0.4000,0.4000
5abb342055429966062416e8,bridge,5,0.1000,0.2236,0.0000,0.5000,0.5000
5abb8ebe5542993f40c73b2d,bridge,5,0.6500,0.3791,0.0000,1.0000,1.0000
5abba584554299642a094afa,bridge,5,0.6667,0.0000,0.6667,0.6667,0.0000
5abca6375542993a06baf946,bridge,5,0.8000,0.4472,0.0000,1.0000,1.0000
5abd0b685542996583600501,bridge,5,1.0000,0.0000,1.0000,1.0000,0.0000
5abd1529554299114383a1e3,bridge,5,0.0667,0.1491,0.0000,0.3333,0.3333
5abd583255429924427fcfb9,bridge,5,1.0000,0.0000,1.0000,1.0000,0.0000
5abd68d655429933744ab7c0,comparison,5,1.0000,0.0000,1.0000,1.0000,0.0000
5abe2b0155429976d4830a83,bridge,5,0.6200,0.3899,0.0000,1.0000,1.0000
5abe3c7555429965af743ea5,bridge,5,0.0000,0.0000,0.0000,0.0000,0.0000
5abf8cc35542990832d3a14e,bridge,5,0.0000,0.0000,0.0000,0.0000,0.0000
5abfc8675542993fe9a41e52,bridge,5,0.9000,0.2236,0.5000,1.0000,0.5000
5ac0e74d554299294b219052,comparison,5,1.0000,0.0000,1.0000,1.0000,0.0000
5ac170af5542994d76dcce20,comparison,5,0.0000,0.0000,0.0000,0.0000,0.0000
5ac1bce45542994ab5c67def,comparison,5,0.0000,0.0000,0.0000,0.0000,0.0000
5ac1bff05542994ab5c67dfc,bridge,5,0.5714,0.0000,0.5714,0.5714,0.0000
5ac31602554299741d48a1bf,bridge,5,0.8000,0.4472,0.0000,1.0000,1.0000
5ac3ad7f5542995ef918c1de,bridge,5,0.3583,0.4522,0.0000,1.0000,1.0000
5ac4392e5542997ea680ca32,comparison,5,0.6000,0.5477,0.0000,1.0000,1.0000
5ac4d717554299076e296e0e,bridge,5,0.4000,0.5477,0.0000,1.0000,1.0000
5ac4f04e5542995c82c4ad81,bridge,5,1.0000,0.0000,1.0000,1.0000,0.0000
5adbc8e25542996e68525230,bridge,5,0.0000,0.0000,0.0000,0.0000,0.0000
5adc393f5542996e685252e7,comparison,5,0.2356,0.2186,0.0000,0.4444,0.4444
5add22bc5542992ae4cec49f,bridge,5,0.5139,0.4455,0.1250,1.0000,0.8750
5add38355542990dbb2f7dd0,bridge,5,0.4000,0.5477,0.0000,1.0000,1.0000
5add39c45542995b365faac5,comparison,5,0.2000,0.4472,0.0000,1.0000,1.0000
5add566b5542995b365fab14,bridge,5,0.3333,0.0000,0.3333,0.3333,0.0000
5ade6b67554299728e26c71c,bridge,5,0.0000,0.0000,0.0000,0.0000,0.0000
5ade78e255429939a52fe8d0,bridge,5,0.8000,0.4472,0.0000,1.0000,1.0000
5adebc51554299728e26c799,bridge,5,0.2667,0.1491,0.0000,0.3333,0.3333
5ae0036a55429942ec259bdf,bridge,5,0.0000,0.0000,0.0000,0.0000,0.0000
5ae09a6b55429924de1b710d,bridge,5,0.8667,0.1826,0.6667,1.0000,0.3333
5ae22f4e5542996483e6492f,bridge,5,0.0000,0.0000,0.0000,0.0000,0.0000
5ae26c795542992decbdccfb,bridge,5,0.2667,0.3651,0.0000,0.6667,0.6667
5ae305355542992decbdcdc2,bridge,5,0.0000,0.0000,0.0000,0.0000,0.0000
5ae3205c55429928c423961e,bridge,5,1.0000,0.0000,1.0000,1.0000,0.0000
5ae3376455429928c4239688,bridge,5,0.0000,0.0000,0.0000,0.0000,0.0000
5ae3f1bb5542995ad6573cbe,comparison,5,1.0000,0.0000,1.0000,1.0000,0.0000
5ae3f4fe5542995ad6573ce8,comparison,5,0.2000,0.4472,0.0000,1.0000,1.0000
5ae4627d5542991a06ce9a4d,bridge,5,0.2000,0.4472,0.0000,1.0000,1.0000
5ae48e7e55429913cc20449d,bridge,5,1.0000,0.0000,1.0000,1.0000,0.0000
5ae56a3f5542992663a4f1f4,bridge,5,0.0000,0.0000,0.0000,0.0000,0.0000
5ae5cf0b55429929b08079aa,bridge,5,0.0400,0.0894,0.0000,0.2000,0.2000
5ae601e45542992663a4f23b,bridge,5,0.8800,0.1095,0.8000,1.0000,0.2000
